ax,ay,az,gx,gy,gz,timestamp
-0.578979,0.810547,0.110596,21.1792,-30.57861,35.5835,2025-05-16 06:07:47
-0.542114,0.736938,0.102051,0.061035,12.08496,24.6582,2025-05-16 06:07:47
-0.675537,0.648071,0.081055,4.943848,17.39502,-0.610352,2025-05-16 06:07:47
-0.676147,0.725464,0.090942,13.24463,13.73291,-22.46094,2025-05-16 06:07:47
-0.631836,0.770996,0.110718,2.990723,24.96338,-25.6958,2025-05-16 06:07:47
-0.642456,0.782715,0.102295,-6.103516,29.41895,-20.81299,2025-05-16 06:07:47
-0.605225,0.791504,0.119507,-11.90186,28.68652,-14.83154,2025-05-16 06:07:47
-0.60022,0.797119,0.163818,-13.97705,28.80859,-7.873535,2025-05-16 06:07:48
-0.585083,0.824829,0.163086,-1.586914,16.60156,-3.540039,2025-05-16 06:07:48
-0.571411,0.790039,0.145752,8.972168,8.789063,5.187988,2025-05-16 06:07:48
-0.556519,0.797852,0.185669,12.87842,2.197266,12.81738,2025-05-16 06:07:48
-0.560547,0.791992,0.200684,12.45117,-2.868652,18.31055,2025-05-16 06:07:48
-0.577637,0.827515,0.227905,15.68604,-10.13184,16.60156,2025-05-16 06:07:48
-0.59436,0.784668,0.202271,19.22607,-18.79883,8.850098,2025-05-16 06:07:48
-0.59082,0.818604,0.188721,21.48438,-23.92578,0.671387,2025-05-16 06:07:48
-0.555786,0.802612,0.156738,16.72363,-15.93018,-3.295898,2025-05-16 06:07:48
-0.55249,0.827393,0.163208,6.958008,-1.037598,-7.751465,2025-05-16 06:07:48
-0.559204,0.769409,0.134644,0.976563,6.896973,-7.8125,2025-05-16 06:07:48
-0.585449,0.800415,0.154541,-0.915527,8.544922,-8.789063,2025-05-16 06:07:48
-0.583496,0.811768,0.136963,1.525879,6.835938,-8.850098,2025-05-16 06:07:48
-0.570435,0.814697,0.121338,3.112793,4.882813,-3.90625,2025-05-16 06:07:48
-0.558838,0.80603,0.126465,3.845215,2.746582,1.708984,2025-05-16 06:07:48
-0.56189,0.792969,0.126587,5.615234,-0.244141,4.760742,2025-05-16 06:07:49
-0.577515,0.821045,0.14209,8.239746,-4.02832,4.577637,2025-05-16 06:07:49
-0.583374,0.791016,0.119385,10.31494,-7.080078,6.652832,2025-05-16 06:07:49
-0.579102,0.794922,0.12854,11.65771,-10.49805,7.69043,2025-05-16 06:07:49
-0.575195,0.779419,0.110107,12.20703,-9.58252,6.896973,2025-05-16 06:07:49
-0.5625,0.761963,0.097778,13.24463,-11.2915,4.333496,2025-05-16 06:07:49
-0.59375,0.865845,0.121948,14.95361,-8.178711,0.610352,2025-05-16 06:07:49
-0.599731,0.843994,0.098145,14.5874,-5.187988,-0.305176,2025-05-16 06:07:49
-0.53894,0.799316,0.089233,11.59668,-2.502441,5.493164,2025-05-16 06:07:49
-0.523926,0.807251,0.098755,5.79834,2.929688,7.751465,2025-05-16 06:07:49
-0.581665,0.854126,0.145752,-0.366211,12.20703,9.643555,2025-05-16 06:07:49
-0.645386,0.770996,0.11731,1.89209,9.399414,4.638672,2025-05-16 06:07:49
-0.614136,0.783447,0.119995,5.79834,0.854492,0.610352,2025-05-16 06:07:49
-0.567749,0.815796,0.118286,4.516602,-0.305176,0.305176,2025-05-16 06:07:49
-0.570679,0.811157,0.119873,-0.244141,4.699707,2.380371,2025-05-16 06:07:50
-0.583252,0.786743,0.11438,-0.915527,3.78418,2.563477,2025-05-16 06:07:50
-0.583008,0.791504,0.127075,0,2.319336,1.77002,2025-05-16 06:07:50
-0.570068,0.787964,0.112549,3.356934,-0.610352,1.77002,2025-05-16 06:07:50
-0.55835,0.792114,0.113037,3.356934,1.281738,2.624512,2025-05-16 06:07:50
-0.580811,0.791748,0.120117,4.089355,2.563477,2.990723,2025-05-16 06:07:50
-0.585083,0.818848,0.126343,7.263184,-0.305176,2.075195,2025-05-16 06:07:50
-0.583252,0.781128,0.11792,6.225586,0.366211,2.746582,2025-05-16 06:07:50
-0.569946,0.847046,0.107056,8.972168,-5.67627,1.220703,2025-05-16 06:07:50
-0.555664,0.795288,0.120483,4.02832,-0.671387,3.051758,2025-05-16 06:07:50
-0.591919,0.805542,0.085693,10.00977,-10.19287,-1.464844,2025-05-16 06:07:50
-0.574585,0.830444,0.080688,14.70947,-17.15088,0.488281,2025-05-16 06:07:50
-0.550537,0.891602,0.02832,16.41846,-18.67676,5.187988,2025-05-16 06:07:50
-0.496094,0.865601,0.008667,7.995605,-2.624512,19.65332,2025-05-16 06:07:50
-0.532471,0.814575,-0.003784,7.202148,5.493164,26.30615,2025-05-16 06:07:51
-0.538818,0.800903,0.012817,8.300781,5.615234,21.11816,2025-05-16 06:07:51
-0.644165,0.769287,0.02002,8.300781,2.319336,12.26807,2025-05-16 06:07:51
-0.657349,0.775269,0.007446,9.094238,-19.22607,-4.638672,2025-05-16 06:07:51
-0.619019,0.830933,-0.063232,5.493164,-47.30225,-22.82715,2025-05-16 06:07:51
-0.601196,0.976196,-0.154663,-10.80322,-75.01221,-45.6543,2025-05-16 06:07:51
-0.491211,1.119141,-0.152344,-33.75244,-101.1963,-73.91357,2025-05-16 06:07:51
-0.470337,1.13562,-0.195435,-50.04883,-124.0234,-108.9478,2025-05-16 06:07:51
-0.221436,0.961304,-0.281372,-55.7251,-134.4604,-132.4463,2025-05-16 06:07:51
-0.008545,0.786255,-0.266846,-42.17529,-146.9727,-148.3765,2025-05-16 06:07:51
0.097534,0.637085,-0.215088,-28.93066,-148.1934,-165.7715,2025-05-16 06:07:51
0.112793,0.71521,-0.257935,-30.27344,-116.394,-182.4951,2025-05-16 06:07:51
1.147339,0.923096,-0.742798,-57.43408,-67.50488,-174.4995,2025-05-16 06:07:51
3.098755,0.675537,-1.051758,-67.0166,-12.87842,-154.7852,2025-05-16 06:07:51
2.681763,-0.335083,-0.834839,11.77979,31.98242,-147.7051,2025-05-16 06:07:52
0.134033,0.700928,0.711914,-32.34863,92.16309,-74.89014,2025-05-16 06:07:52
0.579834,-0.683838,0.777344,-111.9995,262.146,96.92383,2025-05-16 06:07:52
-1.565796,-1.117188,0.593018,-6.591797,109.5581,157.5928,2025-05-16 06:07:52
1.372559,3.17395,0.750732,20.38574,-109.9854,98.32764,2025-05-16 06:07:52
-0.907104,-0.931152,-0.666382,-2.01416,20.75195,2.624512,2025-05-16 06:07:52
1.618164,0.397095,-0.446533,-7.019043,-16.90674,-36.37695,2025-05-16 06:07:52
1.096558,-0.193726,-0.351807,-18.85986,-34.17969,-39.00146,2025-05-16 06:07:52
1.093994,-0.332397,-0.587402,-31.55518,-40.1001,-18.98193,2025-05-16 06:07:52
1.075562,-0.284424,-0.44397,-38.26904,-25.32959,16.05225,2025-05-16 06:07:52
0.918335,-0.371704,-0.529907,-39.12354,-24.41406,38.08594,2025-05-16 06:07:52
0.759888,-0.340088,-0.683594,-21.3623,-36.8042,38.87939,2025-05-16 06:07:52
0.741821,-0.278076,-0.629028,-9.765625,-30.09033,24.4751,2025-05-16 06:07:52
0.705444,-0.255127,-0.64563,14.09912,-31.37207,-2.319336,2025-05-16 06:07:52
0.557739,-0.247681,-0.68042,36.43799,-26.79443,-37.23145,2025-05-16 06:07:52
0.70105,-0.017334,-0.595947,46.63086,-1.220703,-70.80078,2025-05-16 06:07:53
0.939331,-0.409668,-1.118286,46.02051,44.86084,-64.51416,2025-05-16 06:07:53
0.812378,-0.697021,-0.901855,52.4292,109.4971,-47.66846,2025-05-16 06:07:53
1.125,-0.994873,-0.727051,143.1885,9.094238,-46.99707,2025-05-16 06:07:53
1.365479,-0.710205,-0.469116,162.3535,-34.24072,78.73535,2025-05-16 06:07:53
1.088501,-0.19458,0.019775,145.874,-38.0249,175.2319,2025-05-16 06:07:53
0.88269,0.385376,-0.023071,71.65527,-36.07178,206.1157,2025-05-16 06:07:53
0.455933,0.247803,0.131226,36.56006,-64.33105,157.2266,2025-05-16 06:07:53
0.333008,0.332764,0.27478,64.08691,-105.957,85.69336,2025-05-16 06:07:53
0.640259,0.329224,-0.097534,43.88428,-130.127,9.94873,2025-05-16 06:07:53
0.689453,0.407959,-0.015381,38.0249,-114.3188,-90.20996,2025-05-16 06:07:53
0.720947,0.789673,-0.427246,30.33447,-54.56543,-143.1274,2025-05-16 06:07:53
0.741821,0.879028,-0.133301,-19.53125,18.12744,-139.8315,2025-05-16 06:07:53
0.787231,0.608032,-0.262695,-18.49365,61.2793,-135.1318,2025-05-16 06:07:53
1.118164,-0.087036,-0.315918,41.93115,74.70703,-144.8364,2025-05-16 06:07:54
1.081055,-0.387207,-0.749146,62.43896,77.75879,-129.2114,2025-05-16 06:07:54
1.144043,-0.226563,-0.686401,17.08984,106.9946,-32.16553,2025-05-16 06:07:54
1.032593,-0.305786,-0.747681,35.40039,97.53418,17.51709,2025-05-16 06:07:54
0.80896,-0.921753,-0.8125,83.8623,54.56543,52.12402,2025-05-16 06:07:54
0.875122,-0.798828,-0.729248,128.3569,8.239746,125.4883,2025-05-16 06:07:54
1.092896,-0.247803,-0.008911,114.8682,-8.605957,201.416,2025-05-16 06:07:54
0.757446,0.928711,0.011841,54.19922,-28.44238,223.0225,2025-05-16 06:07:54
0.316772,0.313843,0.108521,41.38184,-50.96436,156.25,2025-05-16 06:07:54
0.331299,0.226196,0.032227,49.56055,-76.11084,85.81543,2025-05-16 06:07:54
0.493164,0.363647,-0.025146,37.35352,-115.6616,0.671387,2025-05-16 06:07:54
0.591309,0.536621,0.151367,43.82324,-131.0425,-116.0889,2025-05-16 06:07:54
0.710938,0.896484,-0.062988,26.12305,-103.6377,-192.5659,2025-05-16 06:07:54
0.543701,0.852417,0.099487,-14.22119,-32.53174,-199.8291,2025-05-16 06:07:55
0.882324,0.51123,-0.260254,-34.42383,17.82227,-196.228,2025-05-16 06:07:55
0.959473,-0.07251,-0.389038,-6.958008,59.021,-173.4619,2025-05-16 06:07:55
1.154297,-0.35791,-0.551636,18.06641,75.74463,-124.7559,2025-05-16 06:07:55
0.907715,-0.514282,-0.908936,16.6626,88.1958,-36.9873,2025-05-16 06:07:55
0.869873,-0.279785,-0.963745,45.41016,107.4829,14.5874,2025-05-16 06:07:55
1.170532,-0.559692,-0.632446,83.00781,102.2339,15.80811,2025-05-16 06:07:55
1.186646,-0.697998,-0.810791,157.8979,20.08057,50.23193,2025-05-16 06:07:55
1.264282,-0.463013,-0.375854,151.6113,-18.73779,143.9209,2025-05-16 06:07:55
0.951172,-0.002686,0.099976,111.8774,-24.53613,225.2197,2025-05-16 06:07:55
0.530884,0.662231,-0.176392,62.98828,-24.78027,215.8813,2025-05-16 06:07:55
0.445313,0.535034,-0.005005,36.62109,-57.00684,147.0337,2025-05-16 06:07:55
0.341309,0.362427,0.099854,52.73438,-92.95654,93.68896,2025-05-16 06:07:55
0.518066,0.401855,-0.015869,32.34863,-105.896,28.07617,2025-05-16 06:07:55
0.59436,0.512085,0.001831,22.33887,-109.8022,-76.96533,2025-05-16 06:07:55
0.620728,1.003784,-0.122314,34.36279,-106.2012,-180.8472,2025-05-16 06:07:56
0.770386,1.079834,-0.098267,7.446289,-52.6123,-203.9795,2025-05-16 06:07:56
0.8479,1.019897,-0.241577,-29.72412,21.66748,-185.73,2025-05-16 06:07:56
0.827759,0.541016,0.122314,-44.6167,61.15723,-198.3643,2025-05-16 06:07:56
1.193604,0.084351,-0.171753,6.774902,79.40674,-169.1284,2025-05-16 06:07:56
0.978149,-0.464844,-0.823853,-2.258301,98.57178,-94.72656,2025-05-16 06:07:56
0.758667,-0.630127,-1.036865,30.88379,85.69336,-13.3667,2025-05-16 06:07:56
1.053589,-0.07959,-0.85498,65.30762,89.72168,15.01465,2025-05-16 06:07:56
0.979126,-0.761597,-1.015259,110.8398,62.43896,34.11865,2025-05-16 06:07:56
1.286987,-0.559204,-0.626587,148.8647,0,116.4551,2025-05-16 06:07:56
1.035278,-0.565552,-0.112549,118.1641,-24.96338,214.6606,2025-05-16 06:07:56
0.623657,0.50647,0.067017,94.11621,-38.81836,228.0884,2025-05-16 06:07:56
0.310669,0.396851,-0.20459,45.34912,-53.58887,170.7764,2025-05-16 06:07:56
0.385986,0.385742,0.154419,65.67383,-83.98438,110.1074,2025-05-16 06:07:56
0.598145,0.414307,-0.063477,63.47656,-88.37891,38.51318,2025-05-16 06:07:56
0.768799,0.429443,0.116455,52.12402,-104.5532,-75.98877,2025-05-16 06:07:57
0.763428,0.864868,-0.275024,36.68213,-106.8726,-179.9316,2025-05-16 06:07:57
0.761719,0.891724,-0.035522,-15.25879,-68.66455,-190.979,2025-05-16 06:07:57
0.914673,0.771362,0.031616,-25.87891,-1.708984,-167.8467,2025-05-16 06:07:57
0.843506,0.330566,-0.259521,-41.80908,46.26465,-170.2271,2025-05-16 06:07:57
0.761475,0.144043,-0.166138,14.46533,70.49561,-176.0254,2025-05-16 06:07:57
1.940063,-0.171509,-0.596313,5.187988,93.38379,-120.5444,2025-05-16 06:07:57
1.376709,-0.598877,-0.972534,15.74707,97.16797,-33.93555,2025-05-16 06:07:57
0.819702,-0.226929,-1.047241,45.47119,112.4878,23.13232,2025-05-16 06:07:57
0.991333,-0.643555,-0.620239,94.66553,88.37891,23.19336,2025-05-16 06:07:57
1.305908,-0.610229,-0.933105,158.7524,20.32471,74.09668,2025-05-16 06:07:57
1.431763,-0.277588,-0.189575,154.48,-7.751465,166.0156,2025-05-16 06:07:57
0.947998,0.401367,-0.349609,115.4785,-22.52197,221.3135,2025-05-16 06:07:57
0.472656,0.587769,-0.018921,53.28369,-17.08984,208.0078,2025-05-16 06:07:57
0.245361,0.430298,-0.071167,50.72021,-57.37305,142.334,2025-05-16 06:07:58
0.352539,0.372314,0.191772,63.65967,-91.24756,97.59521,2025-05-16 06:07:58
0.400879,0.187134,-0.022217,59.57031,-91.36963,26.85547,2025-05-16 06:07:58
0.510498,0.419922,-0.060425,59.08203,-97.10693,-98.20557,2025-05-16 06:07:58
0.768311,0.968506,-0.279053,43.21289,-86.48682,-208.1299,2025-05-16 06:07:58
0.691284,1.025513,-0.144043,-9.58252,-53.10059,-209.5337,2025-05-16 06:07:58
0.899414,0.783936,0.090454,-26.7334,5.554199,-167.0532,2025-05-16 06:07:58
0.800415,0.714478,-0.272339,-43.51807,42.3584,-158.0811,2025-05-16 06:07:58
1.125122,0.181641,-0.125366,-19.34814,76.0498,-164.6729,2025-05-16 06:07:58
1.135132,-0.288452,-0.4021,2.990723,91.55273,-127.9907,2025-05-16 06:07:58
1.265747,-0.536377,-0.630127,-21.11816,123.7183,-48.9502,2025-05-16 06:07:58
0.760864,-0.465698,-1.013794,39.36768,95.8252,-11.65771,2025-05-16 06:07:58
0.96228,-0.589722,-1.051147,107.4219,40.16113,29.05273,2025-05-16 06:07:58
1.117676,-0.502319,-0.664673,136.9629,4.455566,107.605,2025-05-16 06:07:59
1.294434,-0.412231,-0.416138,96.13037,7.93457,204.834,2025-05-16 06:07:59
0.685669,-0.090454,0.154297,144.3481,-38.51318,215.5151,2025-05-16 06:07:59
0.264282,0.937744,-0.07666,78.18604,-38.69629,184.9365,2025-05-16 06:07:59
0.384155,0.395142,0.225464,57.18994,-80.2002,137.085,2025-05-16 06:07:59
0.548218,0.324829,0.187988,91.79688,-98.87695,77.51465,2025-05-16 06:07:59
0.419678,0.564453,-0.041504,64.51416,-93.07861,-61.88965,2025-05-16 06:07:59
0.408691,0.846802,-0.06958,42.60254,-83.00781,-188.2324,2025-05-16 06:07:59
0.664795,1.021484,-0.112915,-0.427246,-49.92676,-197.3267,2025-05-16 06:07:59
0.733398,0.527222,0.137939,-27.16064,9.521484,-163.6963,2025-05-16 06:07:59
0.793213,0.751343,-0.397827,-47.66846,51.51367,-152.4658,2025-05-16 06:07:59
0.794067,0.04834,0.036255,-35.82764,86.05957,-167.6636,2025-05-16 06:07:59
1.104858,-0.269287,-0.365356,18.79883,85.63232,-155.7007,2025-05-16 06:07:59
0.661865,-0.578491,-0.950195,-18.9209,118.1641,-70.73975,2025-05-16 06:07:59
0.906616,-0.674072,-1.082764,15.99121,100.0366,6.225586,2025-05-16 06:08:00
1.014404,-0.388794,-0.766479,76.96533,69.64111,15.01465,2025-05-16 06:08:00
1.049072,-0.551025,-0.964478,124.2065,36.9873,54.19922,2025-05-16 06:08:00
1.313232,-0.220581,-0.438477,145.1416,7.568359,130.9204,2025-05-16 06:08:00
1.038452,-0.163574,-0.189697,124.8169,-19.34814,206.3599,2025-05-16 06:08:00
0.520508,0.145142,-0.202515,97.77832,-39.30664,220.8252,2025-05-16 06:08:00
0.474731,0.530273,0.021118,37.04834,-46.26465,164.6729,2025-05-16 06:08:00
0.447876,0.427002,0.374146,82.51953,-93.87207,110.6567,2025-05-16 06:08:00
0.595093,0.536133,-0.041626,83.12988,-108.5205,35.88867,2025-05-16 06:08:00
0.507568,0.605225,-0.078003,48.03467,-114.0137,-111.3892,2025-05-16 06:08:00
0.714355,0.952515,-0.046875,33.3252,-94.84863,-209.2896,2025-05-16 06:08:00
0.799316,0.843384,-0.168945,3.051758,-35.27832,-203.9185,2025-05-16 06:08:00
0.709473,0.6698,-0.135498,-36.13281,23.62061,-167.8467,2025-05-16 06:08:00
0.624023,0.159668,0.105103,-35.64453,54.87061,-173.4619,2025-05-16 06:08:00
1.121948,-0.068848,-0.173706,9.094238,78.00293,-161.9873,2025-05-16 06:08:00
1.109741,-0.098999,-0.438721,-6.530762,108.3374,-103.0273,2025-05-16 06:08:00
1.109375,-0.58728,-0.718872,-4.02832,115.6616,-25.08545,2025-05-16 06:08:01
1.226807,-0.215942,-0.959839,55.23682,92.5293,6.713867,2025-05-16 06:08:01
0.950806,-0.577637,-0.983887,108.0322,57.80029,33.81348,2025-05-16 06:08:01
1.138184,-0.716919,-0.687378,156.5552,1.953125,105.835,2025-05-16 06:08:01
1.308716,-0.459106,-0.447388,128.7231,-15.13672,199.585,2025-05-16 06:08:01
0.786011,0.24231,0.081299,96.0083,-29.05273,235.5347,2025-05-16 06:08:01
0.578003,0.800659,-0.027954,41.50391,-32.59277,196.3501,2025-05-16 06:08:01
0.174438,0.345093,0.223633,56.7627,-73.85254,134.0942,2025-05-16 06:08:01
0.295654,0.28064,0.214233,85.57129,-97.229,66.58936,2025-05-16 06:08:01
0.478271,0.658813,-0.062866,60.97412,-104.0039,-71.3501,2025-05-16 06:08:01
0.581909,0.802002,-0.036621,54.13818,-92.40723,-196.2891,2025-05-16 06:08:01
0.49353,1.021118,-0.149048,16.47949,-44.7998,-218.8721,2025-05-16 06:08:01
0.507202,0.692993,0.045166,-24.53613,15.80811,-185.4248,2025-05-16 06:08:01
0.763062,0.674683,-0.251099,-48.46191,48.58398,-171.7529,2025-05-16 06:08:01
1.065063,-0.099121,-0.204468,-24.71924,80.93262,-159.9121,2025-05-16 06:08:02
1.074585,-0.271118,-0.562134,9.033203,84.41162,-116.333,2025-05-16 06:08:02
1.129883,-0.71521,-0.944824,-14.83154,115.1123,-27.16064,2025-05-16 06:08:02
0.879395,-0.170288,-0.838989,41.25977,94.48242,5.79834,2025-05-16 06:08:02
0.972778,-0.752319,-1.034302,86.73096,74.27979,23.13232,2025-05-16 06:08:02
1.150879,-0.798584,-0.783081,140.8081,22.2168,81.11572,2025-05-16 06:08:02
1.463745,-0.445923,-0.442383,133.8501,-7.263184,174.3774,2025-05-16 06:08:02
0.902466,-0.112427,0.038086,113.2813,-36.13281,229.126,2025-05-16 06:08:02
0.584717,0.586914,-0.165161,72.63184,-48.40088,208.5571,2025-05-16 06:08:02
0.199951,0.475464,0.345947,64.27002,-70.86182,147.3389,2025-05-16 06:08:02
0.518555,0.324219,0.255737,100.4028,-107.9102,92.10205,2025-05-16 06:08:02
0.449585,0.676514,-0.233765,65.42969,-103.0884,-52.91748,2025-05-16 06:08:02
0.42688,0.91394,-0.059204,44.06738,-86.91406,-194.1528,2025-05-16 06:08:02
0.930908,1.245361,-0.029175,9.94873,-47.72949,-216.3086,2025-05-16 06:08:02
0.923462,0.637329,0.060425,-26.42822,10.25391,-166.3208,2025-05-16 06:08:02
0.847534,0.615479,-0.060425,-41.68701,42.5415,-154.0527,2025-05-16 06:08:03
1.18335,0.147217,0.051025,-17.27295,70.86182,-173.9502,2025-05-16 06:08:03
1.140137,0.069458,-0.526978,0.366211,93.20068,-139.2212,2025-05-16 06:08:03
1.061035,-0.572388,-0.963013,-26.00098,125.4883,-58.89893,2025-05-16 06:08:03
0.435181,-0.727783,-1.009888,27.46582,107.605,3.417969,2025-05-16 06:08:03
0.722412,-0.712402,-0.816284,90.88135,65.06348,17.27295,2025-05-16 06:08:03
1.143433,-0.460571,-0.871094,126.5869,33.5083,63.65967,2025-05-16 06:08:03
1.107788,-0.199341,-0.563843,145.5688,-1.89209,147.8882,2025-05-16 06:08:03
0.977905,-0.176636,-0.012817,109.2529,-3.723145,223.0225,2025-05-16 06:08:03
0.501587,0.508301,-0.265503,86.9751,-29.54102,222.3511,2025-05-16 06:08:03
0.427979,0.46936,0.123291,35.5835,-46.81396,171.6919,2025-05-16 06:08:03
0.297607,0.455444,0.210083,87.82959,-94.42139,127.5635,2025-05-16 06:08:03
0.390259,0.399048,-0.078735,77.0874,-108.2153,22.82715,2025-05-16 06:08:03
0.396973,0.408081,-0.094604,61.95068,-99.85352,-135.2539,2025-05-16 06:08:04
0.781006,1.257446,0.016113,58.65479,-67.56592,-223.0835,2025-05-16 06:08:04
0.657715,1.181519,-0.148682,7.629395,-8.300781,-201.355,2025-05-16 06:08:04
0.811401,0.838501,-0.006836,-37.35352,28.13721,-165.8936,2025-05-16 06:08:04
1.001099,0.386841,-0.088989,-27.58789,52.00195,-162.6587,2025-05-16 06:08:04
1.328613,0.120117,-0.359131,2.13623,73.97461,-148.4985,2025-05-16 06:08:04
0.877441,-0.238892,-0.81665,-22.82715,106.7505,-92.59033,2025-05-16 06:08:04
0.570801,-0.446899,-0.778809,-19.53125,126.4038,-25.14648,2025-05-16 06:08:04
0.78833,-0.824951,-0.69751,52.55127,88.62305,-8.117676,2025-05-16 06:08:04
0.814087,-0.618042,-0.978638,102.2339,40.77148,46.38672,2025-05-16 06:08:04
1.359619,-0.222534,-0.795044,139.0381,7.141113,129.0894,2025-05-16 06:08:04
0.998779,-0.653564,-0.144287,119.4458,-10.92529,199.1577,2025-05-16 06:08:04
0.870117,0.094727,0.244873,126.9531,-44.49463,218.3228,2025-05-16 06:08:04
0.292725,0.496094,0.147217,85.81543,-71.71631,161.6821,2025-05-16 06:08:04
0.502197,0.423462,0.193115,72.87598,-109.0698,95.39795,2025-05-16 06:08:05
0.725098,0.473755,-0.028687,59.75342,-126.9531,2.807617,2025-05-16 06:08:05
0.481079,0.478638,-0.1073,30.82275,-114.2578,-127.0142,2025-05-16 06:08:05
0.802612,0.932373,-0.028564,23.55957,-70.19043,-171.6919,2025-05-16 06:08:05
0.651367,0.963013,-0.347168,-20.44678,-9.521484,-149.292,2025-05-16 06:08:05
0.633179,0.514893,0.049927,-42.41943,41.25977,-128.9063,2025-05-16 06:08:05
0.792969,0.436646,-0.085693,-3.112793,58.53271,-140.0146,2025-05-16 06:08:05
0.952026,0.171143,-0.024658,6.835938,85.75439,-148.2544,2025-05-16 06:08:05
0.927246,0.005127,-0.639771,-23.92578,117.7368,-120.3613,2025-05-16 06:08:05
1.11731,-0.835571,-0.479126,-29.41895,144.7144,-58.04443,2025-05-16 06:08:05
1.156494,-0.598999,-1.111206,59.99756,81.54297,-2.929688,2025-05-16 06:08:05
0.924072,-0.469727,-1.025635,111.5723,36.9873,49.49951,2025-05-16 06:08:05
1.203125,-0.483765,-0.716064,138.7939,8.422852,121.2158,2025-05-16 06:08:05
0.942993,-0.313232,-0.324219,116.333,-1.037598,189.7583,2025-05-16 06:08:05
0.904907,0.032715,0.295532,110.9619,-31.31104,218.6279,2025-05-16 06:08:05
0.535522,0.750122,0.243774,95.15381,-52.97852,178.894,2025-05-16 06:08:06
0.34082,0.471313,0.203979,78.30811,-92.5293,124.8169,2025-05-16 06:08:06
0.350342,0.306519,-0.071899,66.46729,-114.7461,30.39551,2025-05-16 06:08:06
0.395264,0.633057,-0.260254,41.99219,-110.9009,-130.0049,2025-05-16 06:08:06
0.912842,1.133789,0.083862,21.78955,-72.08252,-201.4771,2025-05-16 06:08:06
0.810181,1.137939,-0.142212,-17.45605,-24.4751,-167.2363,2025-05-16 06:08:06
0.747559,0.799072,0.055054,-56.70166,14.34326,-132.8125,2025-05-16 06:08:06
0.99646,0.371826,0.03418,-30.70068,35.5835,-129.1504,2025-05-16 06:08:06
0.956055,0.31604,-0.342285,-2.807617,61.82861,-144.3481,2025-05-16 06:08:06
1.184082,-0.360962,-0.35083,4.821777,82.09229,-119.6899,2025-05-16 06:08:06
1.357178,-0.320435,-0.530029,-33.08105,125.3662,-59.87549,2025-05-16 06:08:06
0.913086,-0.608276,-0.997925,32.89795,97.41211,-22.33887,2025-05-16 06:08:06
0.852661,-0.874146,-0.856689,83.06885,64.5752,18.55469,2025-05-16 06:08:06
0.977173,-0.571533,-0.715332,111.8164,35.33936,69.76318,2025-05-16 06:08:06
0.915771,-0.058716,-0.369751,131.4087,-2.929688,133.0566,2025-05-16 06:08:06
1.132324,-0.195435,-0.20105,115.8447,-15.19775,187.8052,2025-05-16 06:08:07
0.598877,0.337036,-0.297852,98.63281,-25.08545,197.0825,2025-05-16 06:08:07
0.251343,0.358521,0.131104,88.50098,-51.87988,145.6299,2025-05-16 06:08:07
0.22998,0.452881,0.151367,63.90381,-104.7974,90.51514,2025-05-16 06:08:07
0.563843,0.3302,-0.019775,42.17529,-138.5498,8.605957,2025-05-16 06:08:07
0.575928,0.52771,-0.016846,38.94043,-132.6294,-127.3193,2025-05-16 06:08:07
0.930542,0.958008,-0.095703,27.9541,-85.02197,-218.4448,2025-05-16 06:08:07
0.840698,0.913208,-0.19104,-28.19824,-15.07568,-200.3174,2025-05-16 06:08:07
0.515381,0.634644,-0.199463,-97.16797,36.86523,-200.3174,2025-05-16 06:08:07
0.644165,-0.009888,0.105225,-94.60449,94.42139,-214.4775,2025-05-16 06:08:07
1.580688,-0.170532,-0.661133,-51.63574,201.2939,-147.0947,2025-05-16 06:08:07
-0.17981,-1.251099,-0.493652,-29.78516,191.04,18.67676,2025-05-16 06:08:07
0.72229,-0.499634,-0.755981,31.79932,69.0918,-6.408691,2025-05-16 06:08:07
0.631714,-0.505615,-0.619751,31.43311,65.85693,-15.44189,2025-05-16 06:08:08
0.77771,-0.394531,-0.567383,21.78955,53.95508,-25.63477,2025-05-16 06:08:08
0.662476,-0.562988,-0.494385,28.68652,31.79932,-25.39063,2025-05-16 06:08:08
0.528442,-0.30127,-0.893555,43.27393,2.807617,-28.01514,2025-05-16 06:08:08
0.48877,-0.497925,-0.730835,27.09961,36.74316,-0.671387,2025-05-16 06:08:08
-0.03833,0.056763,-0.172852,46.08154,23.86475,12.45117,2025-05-16 06:08:08
-0.625854,-0.264404,0.030029,77.88086,12.146,76.11084,2025-05-16 06:08:08
-0.005981,0.110596,-0.103882,60.48584,24.90234,145.0195,2025-05-16 06:08:08
0.165039,0.036499,-0.168335,87.09717,84.65576,171.3867,2025-05-16 06:08:08
0.931885,0.857056,-1.253662,258.2397,136.2915,287.7197,2025-05-16 06:08:08
-0.531982,3.092529,-1.441406,287.0483,224.0601,257.4463,2025-05-16 06:08:08
-0.517822,0.427368,-1.010986,179.8096,145.752,146.7896,2025-05-16 06:08:08
-2.16626,1.420044,-0.024048,130.7373,-97.16797,203.6743,2025-05-16 06:08:08
-0.623413,0.599121,-0.119141,4.760742,4.943848,89.90479,2025-05-16 06:08:08
-0.005981,0.510132,-0.205444,-23.13232,4.577637,-45.28809,2025-05-16 06:08:09
-0.205566,0.564209,-0.015991,-58.95996,73.85254,-103.5767,2025-05-16 06:08:09
-1.234619,1.343506,0.176514,-42.29736,64.69727,-171.6309,2025-05-16 06:08:09
-0.615356,1.013794,-0.172363,-55.29785,95.76416,-108.8867,2025-05-16 06:08:09
-0.769165,0.811157,-0.249878,-85.99854,90.88135,-44.43359,2025-05-16 06:08:09
-0.399048,0.936279,-0.227539,-32.53174,-7.385254,-49.80469,2025-05-16 06:08:09
-0.260132,0.63562,-0.193604,-7.202148,34.60693,-9.460449,2025-05-16 06:08:09
-0.4823,0.646362,-0.248779,26.06201,42.84668,10.31494,2025-05-16 06:08:09
-0.462524,0.761597,-0.244141,73.7915,2.807617,31.43311,2025-05-16 06:08:09
-0.422119,0.858521,-0.128662,79.89502,-8.728027,50.59814,2025-05-16 06:08:09
-0.457764,0.945068,-0.116577,72.3877,-18.49365,33.81348,2025-05-16 06:08:09
-0.573364,0.971069,-0.072144,61.09619,-29.84619,41.07666,2025-05-16 06:08:09
-1.111694,1.112671,0.02478,25.39063,-38.45215,90.88135,2025-05-16 06:08:09
-0.563477,0.794189,0.05542,20.44678,-56.88477,63.29346,2025-05-16 06:08:09
-0.290405,0.544189,0.044067,11.71875,-31.31104,2.319336,2025-05-16 06:08:09
-0.338867,0.674194,0.181641,-23.49854,32.71484,-44.37256,2025-05-16 06:08:10
-0.795654,0.893066,0.138428,-31.73828,61.76758,-91.30859,2025-05-16 06:08:10
-0.660278,1.064087,0.122192,-17.76123,61.34033,-81.78711,2025-05-16 06:08:10
-0.586792,0.864868,0.049683,-38.81836,86.66992,-34.48486,2025-05-16 06:08:10
-0.487427,0.818848,0.032715,-29.90723,43.21289,-15.80811,2025-05-16 06:08:10
-0.387085,0.862305,0.07373,-7.446289,15.74707,-1.159668,2025-05-16 06:08:10
-0.455688,0.796143,0.056885,18.49365,-12.69531,16.35742,2025-05-16 06:08:10
-0.402222,0.778687,0.057007,45.16602,-46.08154,27.89307,2025-05-16 06:08:10
-0.473267,0.946655,0.138062,61.95068,-66.40625,21.60645,2025-05-16 06:08:10
-0.60144,1.070313,0.178345,75.31738,-87.95166,-2.624512,2025-05-16 06:08:10
-0.654785,0.835693,-0.04895,51.81885,-99.85352,20.20264,2025-05-16 06:08:10
-0.648804,0.87085,-0.03833,20.69092,-109.9243,40.40527,2025-05-16 06:08:10
-0.442017,0.866333,-0.028442,24.04785,-85.38818,26.18408,2025-05-16 06:08:10
-0.325317,0.855591,-0.078247,22.70508,-19.53125,10.68115,2025-05-16 06:08:10
-0.379028,0.77417,-0.09082,9.521484,36.86523,6.408691,2025-05-16 06:08:10
-0.542725,0.82666,-0.065186,-2.01416,65.18555,2.807617,2025-05-16 06:08:11
-0.658813,0.781982,-0.06665,0.488281,44.49463,-9.765625,2025-05-16 06:08:11
-0.510132,0.91333,-0.021362,-4.394531,30.82275,-8.850098,2025-05-16 06:08:11
-0.526611,0.869141,-0.049072,-18.85986,29.60205,-3.356934,2025-05-16 06:08:11
-0.437744,0.908325,-0.033081,-19.9585,25.81787,-2.990723,2025-05-16 06:08:11
-0.436523,0.936157,-0.051392,-16.47949,26.24512,-9.521484,2025-05-16 06:08:11
-0.529541,1.063965,0.072754,-23.98682,45.28809,-12.51221,2025-05-16 06:08:11
-0.613037,0.726685,-0.059326,-26.06201,47.36328,-1.098633,2025-05-16 06:08:11
-0.504639,0.810425,0.055298,-30.33447,33.69141,7.873535,2025-05-16 06:08:11
-0.563843,0.838989,0.126709,-33.38623,29.96826,-1.708984,2025-05-16 06:08:11
-0.584961,0.910522,0.05249,-9.155273,12.08496,-23.74268,2025-05-16 06:08:11
-0.445068,0.860962,-0.026855,-5.79834,20.62988,-8.361816,2025-05-16 06:08:11
-0.448242,0.764404,-0.007202,-12.02393,26.97754,8.056641,2025-05-16 06:08:11
-0.438477,0.800903,0.030273,1.647949,14.4043,3.967285,2025-05-16 06:08:12
-0.513184,0.783936,0.014404,21.66748,0.854492,3.234863,2025-05-16 06:08:12
-0.56897,0.868652,0.047852,34.30176,-18.9209,4.638672,2025-05-16 06:08:12
-0.568726,0.882568,0.122681,35.52246,-48.64502,12.20703,2025-05-16 06:08:12
-0.549683,0.838623,0.108398,49.25537,-91.73584,11.59668,2025-05-16 06:08:12
-0.366821,1.189575,0.03125,66.52832,-103.0884,6.652832,2025-05-16 06:08:12
-0.372681,0.718262,-0.100586,22.70508,-52.30713,22.33887,2025-05-16 06:08:12
-0.502075,0.833496,-0.035278,20.01953,-51.69678,15.56396,2025-05-16 06:08:12
